,strategy,buy_hold
2023-01-30,100000000.0,100574025.3527864
2023-01-31,100277272.02054246,99473810.09327912
2023-02-01,100157367.50169516,100215259.50729492
2023-02-02,100157367.50169516,99976082.27696724
2023-02-03,99942438.96319798,98947620.18655825
2023-02-06,99455976.12094086,97584309.97369052
2023-02-07,99455976.12094086,97823487.20401818
2023-02-08,99455976.12094086,97416885.91246115
2023-02-09,99579843.64382151,98708442.95623055
2023-02-10,99350564.06312375,98134417.60344414
2023-02-13,99436593.75481288,98899784.74049269
2023-02-14,99580600.05579218,99115044.24778762
2023-02-15,99560405.41528088,98445348.00287011
2023-02-16,99181791.46561061,97751734.03491987
2023-02-17,99181791.46561061,96364506.09901936
2023-02-20,100398053.39594534,98875867.01745994
2023-02-21,100397902.93282014,98995455.63262378
2023-02-22,100397902.93282014,98038746.71131307
2023-02-23,100397902.93282014,98038746.71131307
2023-02-24,100203806.53072241,97105955.51303513
2023-02-27,100203806.53072241,96747189.66754365
2023-02-28,100203806.53072241,97369050.46639557
2023-03-01,100203107.46484327,98541018.8950012
2023-03-02,99949941.75020678,98421430.27983736
2023-03-03,99949941.75020678,98636689.78713225
2023-03-06,99689336.42921777,98038746.71131307
2023-03-07,100340058.53279741,96675436.49844535
2023-03-08,100633612.99460615,96292752.92992106
2023-03-09,100633612.99460615,96053575.69959341
2023-03-10,100420553.64410934,94738100.9327912
2023-03-13,100288541.47489983,95790480.74623296
2023-03-14,100348804.74034388,95192537.67041376
2023-03-15,100348804.74034388,95168619.947381
2023-03-16,100348804.74034388,94068404.68787369
2023-03-17,99616668.11348672,94570676.87156183
2023-03-20,99616668.11348672,94044486.96484093
2023-03-21,99933099.2389568,95072949.05524994
2023-03-22,99953975.66368155,95503468.06983975
2023-03-23,100131680.80537888,96412341.5450849
2023-03-24,99923053.61992937,96292752.92992106
2023-03-27,99342728.82985328,95790480.74623297
2023-03-28,99342728.82985328,95599138.96197082
2023-03-29,99342728.82985328,95599138.96197082
2023-03-30,99391734.61698969,96627601.0523798
2023-03-31,99514472.12406418,96866778.28270748
2023-04-03,99553128.70644127,97584309.97369051
2023-04-04,99552979.54755402,98062664.43434584
2023-04-06,99552979.54755402,97775651.75795265
2023-04-07,99267303.46537763,98469265.7259029
2023-04-10,99532142.86210756,98110499.8804114
2023-04-11,99448824.89563067,97871322.65008372
2023-04-12,99448824.89563067,97775651.75795265
2023-04-13,99335139.10848112,97177708.68213345
2023-04-14,99335139.10848112,97679980.86582159
2023-04-17,100121460.00042701,99138961.9708204
2023-04-18,100087176.10425185,99306386.03204976
2023-04-19,100004090.70262013,98517101.17196843
2023-04-20,100105508.26491976,98134417.60344417
2023-04-21,101029525.2234046,96388423.82205217
2023-04-24,101899030.52114588,95168619.94738103
2023-04-25,101857899.480227,94714183.20975845
2023-04-26,101857899.480227,94498923.70246354
2023-04-27,101796540.29938117,95336044.00861041
2023-04-28,101837809.05658688,96268835.20688833
2023-05-04,101837809.05658688,96268835.20688833
2023-05-05,101359758.1646186,95886151.63836403
2023-05-08,101624978.53350738,96962449.17483857
2023-05-09,101604856.87242818,96125328.86869171
2023-05-10,101573832.31620489,95383879.45467591
2023-05-11,101573832.31620489,95264290.83951208
2023-05-12,102346749.10899326,94044486.96484095
2023-05-15,102876773.1700634,95551303.51590529
2023-05-16,102840614.78326145,95144702.22434826
2023-05-17,102710028.10851997,94498923.70246354
2023-05-18,102710028.10851997,94475005.97943078
2023-05-19,102710028.10851997,94331499.64123419
2023-05-22,102198923.12819852,94809854.10188955
2023-05-23,103020398.3407006,93446543.88902181
2023-05-24,102868581.51808804,92178904.56828515
2023-05-25,102847720.11337642,91963645.06099024
2023-05-26,102638716.28376655,92083233.67615409
2023-05-29,102316978.8961848,91700550.10762979
2023-05-30,101940092.16158684,91796220.99976087
2023-05-31,101929605.6121545,90935182.97058125
2023-06-01,101861668.29259223,91126524.75484338
2023-06-02,101787759.16329263,92394164.07558006
2023-06-05,101629693.58658463,91963645.06099023
2023-06-06,101629693.58658463,91078689.30877782
2023-06-07,101629693.58658463,90791676.63238463
2023-06-08,101752205.9686316,91557043.76943317
2023-06-09,101778617.4297161,91939727.33795747
2023-06-12,101778617.4297161,92035398.23008853
2023-06-13,101778617.4297161,92729012.19803876
2023-06-14,101591064.46087737,92729012.19803876
2023-06-15,101662127.31877269,94283664.19516864
2023-06-16,101934414.76596597,95168619.94738105
2023-06-19,101861661.29072809,94451088.25639802
2023-06-20,101861661.29072809,94283664.19516864
2023-06-21,101861661.29072809,92968189.42836644
2023-06-26,101442948.34598124,91915809.61492468
2023-06-27,101464617.17082109,92537670.41377664
2023-06-28,101375233.49462232,92729012.19803876
2023-06-29,101302168.93319008,92298493.18344896
2023-06-30,101365788.6462772,92848600.81320259
2023-07-03,101062349.07446592,93924898.34967712
2023-07-04,101010792.09627551,94092322.41090646
2023-07-05,101010792.09627551,93446543.88902175
2023-07-06,100984481.66385272,92776847.64410427
2023-07-07,100984481.66385272,92513752.69074382
2023-07-10,100932430.81812607,92896436.2592681
2023-07-11,100932430.81812607,93518297.05812006
2023-07-12,100932430.81812607,93063860.32049747
2023-07-13,101290654.6042494,94570676.8715618
2023-07-14,101444091.86722615,94522841.42549627
2023-07-17,101397662.81537941,93853145.18057877
2023-07-18,101345558.17180564,93709638.84238218
2023-07-19,101345558.17180564,93661803.39631663
2023-07-20,101345558.17180564,92992107.15139917
2023-07-21,100956950.21464199,93039942.5974647
2023-07-24,100956950.21464199,92633341.30590767
2023-07-25,101824702.99810518,95312126.28557758
2023-07-26,101696917.65336166,95096866.77828267
2023-07-27,101696917.65336166,95001195.8861516
2023-07-28,102365249.91572975,97297297.29729725
2023-07-31,103169411.34904607,97679980.86582154
2023-08-01,103169411.34904607,97249461.85123175
2023-08-02,103046301.29793446,96555847.88328148
2023-08-03,102797793.78140122,97416885.91246112
2023-08-04,102797793.78140122,97919158.09614924
2023-08-07,102797793.78140122,97177708.68213344
2023-08-08,102797793.78140122,96818942.83664194
2023-08-09,102797793.78140122,96627601.0523798
2023-08-10,102797793.78140122,96747189.66754365
2023-08-11,104374772.39537548,94475005.97943076
2023-08-14,105103717.97591984,93829227.45754604
2023-08-15,105103717.97591984,93733556.565415
2023-08-16,105103717.97591984,93016024.87443195
2023-08-17,105103717.97591984,93326955.27385792
2023-08-18,105958574.20312718,92131069.12221956
2023-08-21,106173804.40536681,90887347.52451564
2023-08-22,105808703.04602374,91437455.15426931
2023-08-23,105686520.29385038,90121980.3874671
2023-08-24,105509084.78307961,90672088.01722075
2023-08-25,105509084.78307961,90504663.95599139
2023-08-28,105509084.78307961,91772303.27672803
2023-08-29,104934050.657534,92298493.18344893
2023-08-30,104934050.657534,92274575.46041617
2023-08-31,104934050.657534,91820138.7227936
2023-09-01,104934050.657534,92370246.35254724
2023-09-04,104762762.88001595,93757474.28844772
2023-09-05,104762762.88001595,93111695.76656301
2023-09-06,104762762.88001595,92872518.53623533
2023-09-07,104779458.76618724,91604879.21549867
2023-09-08,105189081.741382,91102607.03181057
2023-09-11,104949013.21549395,91772303.27672805
2023-09-12,104949013.21549395,91652714.6615642
2023-09-13,104440572.3523441,91054771.58574502
2023-09-14,104440572.3523441,90983018.41664672
2023-09-15,104059958.8182928,90576417.12508969
2023-09-18,103847629.11947367,90887347.52451564
2023-09-19,103799142.84160265,90767758.90935183
2023-09-20,103799142.84160265,90337239.89476201
2023-09-21,103694828.59539178,89500119.58861516
2023-09-22,105087166.65286581,91293948.8160727
2023-09-25,104707656.66518457,90624252.5711552
2023-09-26,104707656.66518457,90121980.38746709
2023-09-27,104641557.6371054,90361157.61779477
2023-09-28,104509204.61010267,90026309.49533601
2023-10-09,104470281.93226959,89787132.26500835
2023-10-10,104375606.25355658,89141353.74312362
2023-10-11,104375606.25355658,89332695.52738576
2023-10-12,104375606.25355658,90193733.55656537
2023-10-13,104186316.54160246,89356613.25041853
2023-10-16,104579134.09089746,88328151.16000953
2023-10-17,104382491.48992269,88615163.83640274
2023-10-18,104332962.62742433,87945467.59148526
2023-10-19,105467750.91255125,86103802.9179622
2023-10-20,105954378.18691647,85673283.90337236
2023-10-23,105704482.398544,84764410.42812718
2023-10-24,105704482.398544,84883999.04329103
2023-10-25,105704482.398544,85362353.5039464
2023-10-26,105704482.398544,85673283.90337236
2023-10-27,106236551.4714279,86964840.9471418
2023-10-30,105585691.963712,87347524.51566608
2023-10-31,105564273.62233138,87156182.73140395
2023-11-01,105564273.62233138,87108347.28533839
2023-11-02,105564273.62233138,86701745.99378136
2023-11-03,105589787.67361774,87371442.23869884
2023-11-06,105739922.38972245,88519492.9442717
2023-11-07,105739922.38972245,88256397.99091125
2023-11-08,105739922.38972245,87993303.0375508
2023-11-09,105739922.38972245,88065056.20664911
2023-11-10,105526178.21579929,87419277.68476439
2023-11-13,105428288.39573453,87299689.06960055
2023-11-14,105428288.39573453,87299689.06960055
2023-11-15,105428288.39573453,87897632.14541973
2023-11-16,105648631.89807676,87036594.11624011
2023-11-17,105908387.58575106,86917005.5010763
2023-11-20,105908387.58575106,87180100.45443673
2023-11-21,105908387.58575106,87299689.06960055
2023-11-22,106364379.82613698,86366897.87132263
2023-11-23,106412035.58292298,86821334.6089452
2023-11-24,106095599.95590241,86223391.53312601
2023-11-27,106092398.77149116,85649366.18033962
2023-11-28,106092398.77149116,85745037.07247068
2023-11-29,106160041.36285582,85099258.55058597
2023-11-30,106268315.60162763,85194929.44271703
2023-12-01,106016898.92187516,84860081.32025829
2023-12-04,106226701.90714003,84286055.9674719
2023-12-05,107163317.459672,82707486.24730925
2023-12-06,107284552.09964876,82827074.8624731
2023-12-07,107211215.476911,82611815.35517819
2023-12-08,107107560.2596299,82779239.41640756
2023-12-11,107107560.2596299,83353264.76919396
2023-12-12,107107560.2596299,83544606.5534561
2023-12-13,107858320.89406978,82157378.61755562
2023-12-14,107363699.115424,81774695.04903133
2023-12-15,107321517.87572661,81607270.98780195
2023-12-18,107321517.87572661,81272422.86534321
2023-12-19,107321517.87572661,81320258.31140874
2023-12-20,107183220.03775133,80578808.89739296
2023-12-21,107056241.54071616,81320258.31140874
2023-12-22,106389512.26187947,81463764.64960535
2023-12-25,106389512.26187947,81679024.15690024
2023-12-26,106242560.00032526,81200669.6962449
2023-12-27,106210868.09778355,81439846.92657256
2023-12-28,107430650.32419892,83448935.661325
2023-12-29,107399725.57221931,83688112.89165267
