opened,closed,pnl,pnlcomm,size
2023-01-31 11:30:00,2023-02-01 09:30:00,157666.9338901873,157367.50169516006,0
2023-02-03 10:30:00,2023-02-03 13:34:00,-34287.95700252351,-34588.222622113404,0
2023-02-03 14:00:00,2023-02-03 14:03:00,-180040.0519288677,-180340.3158750518,0
2023-02-06 10:30:00,2023-02-06 10:38:00,-132369.66798995604,-132669.36277153884,0
2023-02-06 11:30:00,2023-02-06 13:12:00,-353493.81983915885,-353793.479485591,0
2023-02-09 10:30:00,2023-02-09 10:56:00,-357784.02900068945,-358081.59100239223,0
2023-02-09 11:30:00,2023-02-10 09:30:00,506202.492600007,505904.7370623955,0
2023-02-10 11:30:00,2023-02-10 14:11:00,-252936.41587990255,-253235.20387708032,0
2023-02-13 14:00:00,2023-02-14 09:30:00,230334.1212086803,230035.99266843311,0
2023-02-15 10:30:00,2023-02-15 10:50:00,-19896.19754808469,-20194.64051130589,0
2023-02-16 10:30:00,2023-02-16 13:45:00,-378316.1053512304,-378613.9496702683,0
2023-02-20 10:30:00,2023-02-20 10:51:00,-205000.66535253546,-205297.6352488815,0
2023-02-20 11:30:00,2023-02-21 09:30:00,1421707.896147008,1421409.1024584274,0
2023-02-24 10:30:00,2023-02-24 13:13:00,39360.92005015055,39060.16101928242,0
2023-02-24 14:00:00,2023-02-24 14:30:00,-232855.3536263748,-233156.56311699844,0
2023-03-01 10:30:00,2023-03-01 13:33:00,-146065.41360000204,-146365.57802495002,0
2023-03-01 14:00:00,2023-03-02 09:30:00,-107199.41878140207,-107499.2024906847,0
2023-03-06 10:30:00,2023-03-06 10:51:00,-288672.7449982784,-288972.697287554,0
2023-03-06 11:30:00,2023-03-06 13:01:00,28666.060022883725,28367.37629851367,0
2023-03-07 14:00:00,2023-03-08 09:30:00,944573.8874317226,944276.5653883835,0
2023-03-10 11:30:00,2023-03-10 13:04:00,-212757.50982149382,-213059.35049683394,0
2023-03-13 10:30:00,2023-03-13 10:31:00,-160987.1162770744,-161287.8339714348,0
2023-03-13 11:30:00,2023-03-13 13:55:00,-235483.66816391886,-235783.7465514915,0
2023-03-13 14:00:00,2023-03-14 09:30:00,140117.66011812695,139817.65033221713,0
2023-03-14 10:30:00,2023-03-14 11:25:00,206164.6010829606,205864.67576112895,0
2023-03-14 11:30:00,2023-03-14 13:01:00,-20058.767818661217,-20359.649335941416,0
2023-03-17 11:30:00,2023-03-17 13:31:00,-536459.7294871046,-536759.699612598,0
2023-03-17 14:00:00,2023-03-17 14:02:00,-195078.05341802858,-195376.92724457243,0
2023-03-21 14:00:00,2023-03-22 09:30:00,557749.4967493687,557450.079450266,0
2023-03-22 10:30:00,2023-03-22 10:37:00,-219842.60759159637,-220142.52925544756,0
2023-03-23 10:30:00,2023-03-23 10:44:00,-134431.78361790083,-134731.24799236827,0
2023-03-23 14:00:00,2023-03-24 09:30:00,104108.47359270033,103809.2042401998,0
2023-03-27 10:30:00,2023-03-27 10:40:00,-124747.68900000173,-125047.34542374863,0
2023-03-27 11:30:00,2023-03-27 13:22:00,-419972.21189085784,-420271.90639321995,0
2023-03-27 14:00:00,2023-03-27 14:01:00,-34707.7554014978,-35005.5382591187,0
2023-03-30 14:00:00,2023-03-31 09:30:00,172041.2819999839,171743.29421089691,0
2023-04-03 11:30:00,2023-04-04 09:30:00,38805.683055846515,38507.4234898431,0
2023-04-07 10:30:00,2023-04-07 13:10:00,-299403.8753456474,-299701.8154881448,0
2023-04-07 14:00:00,2023-04-10 09:30:00,279163.04023730016,278865.1300416877,0
2023-04-11 14:00:00,2023-04-11 14:15:00,-83019.574228436,-83317.96647689566,0
2023-04-13 10:30:00,2023-04-13 10:32:00,-44300.46380756596,-44598.54840434418,0
2023-04-13 14:00:00,2023-04-13 14:02:00,-68789.17838804399,-69087.23874520297,0
2023-04-17 10:30:00,2023-04-18 09:30:00,752335.860341762,752036.9957707274,0
2023-04-19 10:30:00,2023-04-19 10:41:00,-48337.89000001883,-48637.92328324883,0
2023-04-19 11:30:00,2023-04-19 13:01:00,-34147.5700114688,-34447.478348457786,0
2023-04-20 10:30:00,2023-04-20 14:14:00,101717.0916762216,101417.56229961745,0
2023-04-21 11:30:00,2023-04-24 09:30:00,948750.3053114428,948451.7431837694,0
2023-04-24 10:30:00,2023-04-25 09:30:00,820065.5389758723,819763.9416072319,0
2023-04-25 10:30:00,2023-04-25 11:20:00,-123273.24974173488,-123578.7959792962,0
2023-04-25 11:30:00,2023-04-25 14:05:00,108059.07787810943,107754.3264955376,0
2023-04-27 14:00:00,2023-04-28 09:30:00,219463.74141528946,219158.1144974162,0
2023-04-28 10:30:00,2023-04-28 10:43:00,-111816.36101640073,-112122.14759472225,0
2023-04-28 11:30:00,2023-04-28 13:07:00,-126820.91700002081,-127126.3905427987,0
2023-05-05 10:30:00,2023-05-05 11:00:00,-315228.881854801,-315534.5319929862,0
2023-05-05 11:30:00,2023-05-05 13:08:00,-162211.85538768015,-162516.35997527084,0
2023-05-08 10:30:00,2023-05-09 09:30:00,390598.6701768601,390294.2797027408,0
2023-05-09 10:30:00,2023-05-09 10:33:00,-144890.7400142487,-145195.5718931476,0
2023-05-10 10:30:00,2023-05-10 13:14:00,-71077.4049542325,-71381.91360416262,0
2023-05-10 14:00:00,2023-05-10 14:19:00,40661.56085340588,40357.3573808386,0
2023-05-12 10:30:00,2023-05-12 11:01:00,-10149.769273688202,-10454.247127244691,0
2023-05-12 11:30:00,2023-05-15 09:30:00,732318.7408013428,732015.4847079952,0
2023-05-15 14:00:00,2023-05-16 09:30:00,545528.6575358626,545221.2294758038,0
2023-05-17 14:00:00,2023-05-17 14:08:00,-130278.26700000181,-130586.67474147091,0
2023-05-22 10:30:00,2023-05-22 11:12:00,-510797.89453978476,-511104.9803214306,0
2023-05-23 10:30:00,2023-05-23 10:58:00,-149864.76771156988,-150171.25105665816,0
2023-05-23 11:30:00,2023-05-24 09:30:00,1090925.578961338,1090621.4064814385,0
2023-05-24 10:30:00,2023-05-24 10:36:00,-223077.77386021087,-223387.18526190807,0
2023-05-24 14:00:00,2023-05-24 14:25:00,-47096.022409217716,-47404.58027333454,0
2023-05-25 14:00:00,2023-05-25 14:08:00,-20553.10809023337,-20861.40471158697,0
2023-05-26 10:30:00,2023-05-26 11:26:00,-208695.3137671171,-209003.82960984303,0
2023-05-29 11:30:00,2023-05-29 13:16:00,-321429.2976000045,-321737.38758175407,0
2023-05-30 11:30:00,2023-05-30 13:46:00,-376579.5264000254,-376886.734597955,0
2023-05-31 10:30:00,2023-05-31 13:57:00,-10181.101126851965,-10486.549432309455,0
2023-06-01 10:30:00,2023-06-01 13:36:00,6281.25698038804,5975.735259091445,0
2023-06-01 14:00:00,2023-06-01 14:02:00,-73607.63424767417,-73913.05482137631,0
2023-06-02 10:30:00,2023-06-02 10:32:00,-115927.60120578377,-116232.73641441257,0
2023-06-02 11:30:00,2023-06-05 09:30:00,-115437.2606212864,-115741.96959319814,0
2023-06-08 14:00:00,2023-06-09 09:30:00,149228.7603193257,148923.84313147698,0
2023-06-14 10:30:00,2023-06-14 10:38:00,-124715.84454886655,-125020.71827675839,0
2023-06-14 11:30:00,2023-06-14 13:10:00,-62227.68913619416,-62532.250561960456,0
2023-06-15 10:30:00,2023-06-15 10:36:00,-150299.5715296098,-150603.8449070563,0
2023-06-15 14:00:00,2023-06-16 09:30:00,402228.3702453646,401923.6432168424,0
2023-06-16 14:00:00,2023-06-19 09:30:00,92183.09433301051,91877.7809498996,0
2023-06-19 10:30:00,2023-06-19 13:48:00,15555.360749754056,15249.841766575331,0
2023-06-19 14:00:00,2023-06-19 14:24:00,-87544.91770440651,-87850.59117558307,0
2023-06-26 10:30:00,2023-06-26 11:11:00,-365334.70301328605,-365640.4996982275,0
2023-06-26 14:00:00,2023-06-26 14:08:00,-52768.262400000734,-53072.445048605536,0
2023-06-27 11:30:00,2023-06-27 13:29:00,94991.54782175762,94687.35151874735,0
2023-06-27 14:00:00,2023-06-27 14:34:00,-72714.14006999531,-73018.52667890856,0
2023-06-28 10:30:00,2023-06-28 10:39:00,-89079.48386064405,-89383.67619877626,0
2023-06-29 10:30:00,2023-06-29 13:18:00,-72760.66136782999,-73064.56143222269,0
2023-06-30 10:30:00,2023-06-30 13:50:00,267232.6667439065,266928.63392519025,0
2023-06-30 14:00:00,2023-06-30 14:11:00,-203004.793437103,-203308.92083806926,0
2023-07-03 10:30:00,2023-07-03 10:32:00,-20252.861887433497,-20556.654815745096,0
2023-07-03 11:30:00,2023-07-04 09:30:00,-334136.7432000046,-334439.89518597943,0
2023-07-06 11:30:00,2023-07-06 13:08:00,-26007.66420000036,-26310.43242278466,0
2023-07-10 10:30:00,2023-07-10 10:31:00,-51748.196400000714,-52050.84572664611,0
2023-07-13 10:30:00,2023-07-14 09:30:00,511964.3880000071,511661.04910011706,0
2023-07-17 10:30:00,2023-07-17 14:32:00,-46125.063958496256,-46429.051846752634,0
2023-07-18 10:30:00,2023-07-18 10:31:00,-51800.677199981255,-52104.643573790854,0
2023-07-21 10:30:00,2023-07-21 11:18:00,-388304.7300000054,-388607.9571636624,0
2023-07-25 10:30:00,2023-07-26 09:30:00,740271.1157999911,739967.4387196768,0
2023-07-28 11:30:00,2023-07-31 09:30:00,1472800.6454508377,1472493.695684386,0
2023-08-02 11:30:00,2023-08-02 13:15:00,-122800.62295201037,-123110.05111161618,0
2023-08-03 14:00:00,2023-08-03 14:06:00,-248199.1045330843,-248507.51653322624,0
2023-08-11 10:30:00,2023-08-14 09:30:00,2370835.0412375764,2370530.4669634006,0
2023-08-14 10:30:00,2023-08-14 10:32:00,-64290.93777023623,-64606.272444773575,0
2023-08-18 14:00:00,2023-08-21 09:30:00,1098441.016407365,1098127.538468822,0
2023-08-21 14:00:00,2023-08-21 14:01:00,-27722.864400000384,-28041.109021880184,0
2023-08-22 14:00:00,2023-08-22 14:02:00,-364782.69360000506,-365101.3593430719,0
2023-08-23 10:30:00,2023-08-23 10:32:00,-121865.49315527226,-122182.75217337732,0
2023-08-24 11:30:00,2023-08-24 14:40:00,-177118.95123969196,-177435.5107707619,0
2023-08-29 11:30:00,2023-08-29 13:05:00,-455466.68898694136,-455782.2477389102,0
2023-08-29 14:00:00,2023-08-29 14:02:00,-118937.26257120866,-119251.87780666731,0
2023-09-04 10:30:00,2023-09-04 11:05:00,-170973.59600952,-171287.77751806442,0
2023-09-07 14:00:00,2023-09-08 09:30:00,426632.1629247678,426318.8613660454,0
2023-09-11 14:00:00,2023-09-11 14:07:00,-239753.52122880364,-240068.52588804864,0
2023-09-13 10:30:00,2023-09-13 10:36:00,-110216.77200000153,-110531.46843825452,0
2023-09-13 11:30:00,2023-09-13 14:40:00,-397594.59789059684,-397909.39471158566,0
2023-09-15 14:00:00,2023-09-15 14:59:00,-380299.9878388395,-380613.5340513313,0
2023-09-18 10:30:00,2023-09-18 10:48:00,-212018.11797184555,-212329.69881911037,0
2023-09-19 10:30:00,2023-09-19 10:31:00,-48175.00649941613,-48486.27787102067,0
2023-09-21 10:30:00,2023-09-21 10:31:00,17228.24920305764,16917.137816358434,0
2023-09-21 11:30:00,2023-09-21 13:02:00,-120920.0663655633,-121231.38402722005,0
2023-09-22 10:30:00,2023-09-25 09:30:00,1089917.4165642115,1089604.9775077023,0
2023-09-25 10:30:00,2023-09-25 10:41:00,-82837.75140000114,-83151.91357218564,0
2023-09-25 11:30:00,2023-09-25 13:02:00,6688.753383402203,6375.005857294292,0
2023-09-27 10:30:00,2023-09-27 10:31:00,-65785.31924790767,-66099.0280791718,0
2023-09-28 10:30:00,2023-09-28 10:37:00,-132039.24972420884,-132353.02700273995,0
2023-10-09 10:30:00,2023-10-09 10:31:00,-66209.40262145927,-66522.60096917234,0
2023-10-09 11:30:00,2023-10-09 13:01:00,27912.811800000385,27599.923136128284,0
2023-10-10 14:00:00,2023-10-10 14:05:00,-94362.44094551753,-94675.67871301936,0
2023-10-13 11:30:00,2023-10-13 13:01:00,-38351.85164999677,-38664.6909459693,0
2023-10-13 14:00:00,2023-10-13 14:10:00,-150312.01384079785,-150625.0210081326,0
2023-10-16 10:30:00,2023-10-17 09:30:00,196486.81499998164,196174.94832025914,0
2023-10-18 14:00:00,2023-10-18 14:03:00,-49215.901076949645,-49528.86249835652,0
2023-10-19 10:30:00,2023-10-20 09:30:00,1621725.7809504059,1621415.5594921208,0
2023-10-23 10:30:00,2023-10-23 10:49:00,-208832.45040000288,-209150.30830611527,0
2023-10-23 14:00:00,2023-10-23 14:53:00,-40428.411707992665,-40745.48006634423,0
2023-10-27 10:30:00,2023-10-27 11:09:00,-332685.72125291114,-333002.05003553,0
2023-10-27 11:30:00,2023-10-30 09:30:00,456543.0814475978,456226.567576656,0
2023-10-30 11:30:00,2023-10-30 13:02:00,-241698.14948454098,-242014.95237310254,0
2023-10-31 10:30:00,2023-10-31 10:37:00,-21101.814168106746,-21418.341380628546,0
2023-11-03 10:30:00,2023-11-03 13:48:00,94441.64529984555,94125.183772674,0
2023-11-03 14:00:00,2023-11-03 14:33:00,-68294.49053759956,-68611.13248634695,0
2023-11-06 10:30:00,2023-11-06 13:05:00,150451.42582364555,150134.71610473556,0
2023-11-10 10:30:00,2023-11-10 10:57:00,-213426.98356979914,-213744.17392317817,0
2023-11-13 11:30:00,2023-11-13 13:04:00,-97573.35705391687,-97889.8200647409,0
2023-11-16 10:30:00,2023-11-17 09:30:00,480414.40528948826,480099.19001653034,0
2023-11-22 14:00:00,2023-11-23 09:30:00,503964.61582968605,503647.99717189214,0
2023-11-24 10:30:00,2023-11-24 10:34:00,-69466.2216998299,-69785.24221677324,0
2023-11-24 11:30:00,2023-11-24 13:15:00,-216755.29953509168,-217074.33136669858,0
2023-11-24 14:00:00,2023-11-27 09:30:00,0.0,-318.05687429999995,0
2023-11-27 10:30:00,2023-11-27 13:21:00,-40293.5943009607,-40611.71050008055,0
2023-11-27 14:00:00,2023-11-27 14:03:00,8470.507322699583,8152.529525990437,0
2023-11-29 10:30:00,2023-11-29 10:31:00,-40289.50255974045,-40607.52082496829,0
2023-11-29 11:30:00,2023-11-30 09:30:00,216841.92002928973,216524.3509614309,0
2023-12-01 10:30:00,2023-12-01 13:37:00,-251097.81705479554,-251416.67975245632,0
2023-12-04 14:00:00,2023-12-05 09:30:00,359934.602400005,359617.41003163997,0
2023-12-05 10:30:00,2023-12-05 10:35:00,-101608.66494864674,-101927.5048461677,0
2023-12-05 11:30:00,2023-12-05 13:08:00,-162372.0012817035,-162690.71681777417,0
2023-12-05 14:00:00,2023-12-06 09:30:00,1172970.2145077307,1172653.9894059205,0
2023-12-07 10:30:00,2023-12-07 10:33:00,-73015.0749532939,-73336.62273779433,0
2023-12-08 10:30:00,2023-12-08 10:35:00,-103334.02871747801,-103655.21728110268,0
2023-12-13 10:30:00,2023-12-13 10:34:00,-41562.519053756645,-41883.55008506926,0
2023-12-13 11:30:00,2023-12-14 09:30:00,298342.8010849296,298022.4058791596,0
2023-12-15 10:30:00,2023-12-15 10:51:00,-41859.50165999085,-42181.23969740334,0
2023-12-20 11:30:00,2023-12-20 13:17:00,20929.989121201583,20608.315833506902,0
2023-12-20 14:00:00,2023-12-20 14:04:00,-158584.21200001411,-158906.15380879532,0
2023-12-21 11:30:00,2023-12-21 13:03:00,-21415.197875393977,-21736.425843524976,0
2023-12-21 14:00:00,2023-12-22 09:30:00,-199457.55503208545,-199778.4497648956,0
2023-12-22 11:30:00,2023-12-22 13:02:00,-571873.1942889722,-572192.9002634272,0
2023-12-26 10:30:00,2023-12-26 13:55:00,-146633.3190220816,-146952.26155421836,0
2023-12-27 10:30:00,2023-12-27 10:31:00,-31373.353199988647,-31691.902541704847,0
2023-12-28 10:30:00,2023-12-29 09:30:00,1189177.603028582,1188857.4744357353,0
