,benchmark,000300.SH
2010-11-01,0.0275184816018304,-0.0028401998851135
2010-11-02,-0.0028401998851135,-0.0
2010-11-03,-0.0123558710311564,0.0175900590028889
2010-11-04,0.0175900590028889,0.0115767683137934
2010-11-05,0.0115767683137934,0.0078868483792594
2010-11-08,0.0078868483792594,-0.0069357594025303
2010-11-09,-0.0069357594025303,-0.007049751500729
2010-11-10,-0.007049751500729,0.0
2010-11-11,0.0031047886163085,-0.0621491606065569
2010-11-12,-0.0621491606065569,0.0070052156351795
2010-11-15,0.0070052156351795,-0.0438490774815356
2010-11-16,-0.0438490774815356,-0.0207071188293057
2010-11-17,-0.0207071188293057,0.0
2010-11-18,0.0141937288049316,0.0098107918710581
2010-11-19,0.0098107918710581,-0.0021721719139587
2010-11-22,-0.0021721719139587,-0.0204180973101327
2010-11-23,-0.0204180973101327,0.0
2010-11-24,0.0224856911871101,0.0146176806546212
2010-11-25,0.0146176806546212,-0.0088820046880951
2010-11-26,-0.0088820046880951,-0.0015033555534479
2010-11-29,-0.0015033555534479,-0.0166345355088478
2010-11-30,-0.0166345355088478,-0.0003063451052524
2010-12-01,-0.0003063451052524,0.0060697877312164
2010-12-02,0.0060697877312164,0.0009815981254232
2010-12-03,0.0009815981254232,0.0023475724441731
2010-12-06,0.0023475724441731,0.0109834879658323
2010-12-07,0.0109834879658323,-0.008891870517467
2010-12-08,-0.008891870517467,-0.0152956509731446
2010-12-09,-0.0152956509731446,0.0123619838341071
2010-12-10,0.0123619838341071,0.0313360913124922
2010-12-13,0.0313360913124922,0.0025798352131407
2010-12-14,0.0025798352131407,-0.0
2010-12-15,-0.0066769150022298,-0.0
2010-12-16,-0.0052280976609504,-0.0015489071135508
2010-12-17,-0.0015489071135508,-0.0145718970468378
2010-12-20,-0.0145718970468378,0.0
2010-12-21,0.022289916779319,-0.0104803525701883
2010-12-22,-0.0104803525701883,-0.0083490568824983
2010-12-23,-0.0083490568824983,-0.0080448923307262
2010-12-24,-0.0080448923307262,-0.0199958583033903
2010-12-27,-0.0199958583033903,-0.0176719814666472
2010-12-28,-0.0176719814666472,0.0055498794553964
2010-12-29,0.0055498794553964,0.000740733482917
2010-12-30,0.000740733482917,0.0209402571327679
2010-12-31,0.0209402571327679,0.0196342312869673
2011-01-04,0.0196342312869673,-0.0043954224903924
2011-01-05,-0.0043954224903924,-0.0050443025737625
2011-01-06,-0.0050443025737625,0.0022094268244861
2011-01-07,0.0022094268244861,-0.0184540381175661
2011-01-10,-0.0184540381175661,0.0053841676836046
2011-01-11,0.0053841676836046,0.0055729391005599
2011-01-12,0.0055729391005599,-0.0003351009137466
2011-01-13,-0.0003351009137466,-0.0157330569283133
2011-01-14,-0.0157330569283133,-0.038006870940553
2011-01-17,-0.038006870940553,0.0011088136903862
2011-01-18,0.0011088136903862,0.0225691552527363
2011-01-19,0.0225691552527363,-0.0328876519737747
2011-01-20,-0.0328876519737747,0.0131568000005433
2011-01-21,0.0131568000005433,-0.0097953514313601
2011-01-24,-0.0097953514313601,-0.0052731132829107
2011-01-25,-0.0052731132829107,0.0135357888339355
2011-01-26,0.0135357888339355,0.0161276188704723
2011-01-27,0.0161276188704723,0.0033930663684971
2011-01-28,0.0033930663684971,0.0130972903463751
2011-01-31,0.0130972903463751,0.0
2011-02-01,0.0002519089825217,-0.0118071688564229
2011-02-09,-0.0118071688564229,0.0207875896636214
2011-02-10,0.0207875896636214,0.0054098318934927
2011-02-11,0.0054098318934927,0.0314605524717426
2011-02-14,0.0314605524717426,-0.0004572645576789
2011-02-15,-0.0004572645576789,0.0095895447359286
2011-02-16,0.0095895447359286,-0.0008065193855553
2011-02-17,-0.0008065193855553,-0.0104842806648495
2011-02-18,-0.0104842806648495,0.0143318110661805
2011-02-21,0.0143318110661805,-0.0289541632237619
2011-02-22,-0.0289541632237619,0.0
2011-02-23,0.0035289156771226,0.0
2011-02-24,0.0051005719519884,0.0
2011-02-25,0.0020940570710466,0.0
2011-02-28,0.013116642799935,0.004733360312314
2011-03-01,0.004733360312314,-0.0
2011-03-02,-0.0035623290842434,-0.0066537209963438
2011-03-03,-0.0066537209963438,0.0
2011-03-04,0.0151931360845363,0.0195201833510361
2011-03-07,0.0195201833510361,0.0008837880228278
2011-03-08,0.0008837880228278,0.0
2011-03-09,0.0004197806893093,-0.0175506116163071
2011-03-10,-0.0175506116163071,-0.0
2011-03-11,-0.0100245133082478,0.0
2011-03-14,0.0047866338853276,-0.0180693979625612
2011-03-15,-0.0180693979625612,0.0
2011-03-16,0.0138060357164148,-0.0
2011-03-17,-0.015730274814166,0.0058130806042976
2011-03-18,0.0058130806042976,-0.0
2011-03-21,-0.0026666169105493,0.0049424559806179
2011-03-22,0.0049424559806179,0.0
2011-03-23,0.0130206353722555,-0.0041547649165708
2011-03-24,-0.0041547649165708,0.0
2011-03-25,0.0132630612226695,-0.0
2011-03-28,-0.001187742906021,-0.0099046639625767
2011-03-29,-0.0099046639625767,-0.0005828766852088
2011-03-30,-0.0005828766852088,-0.0100710056263973
2011-03-31,-0.0100710056263973,0.0
2011-04-01,0.0153386852183235,0.011714382706298
2011-04-06,0.011714382706298,0.004032536943529
2011-04-07,0.004032536943529,0.0
2011-04-08,0.0087049797272847,-0.0
2011-04-11,-0.0059435944506968,-0.0
2011-04-12,-0.0019967438914966,0.0
2011-04-13,0.0136047837377444,-0.0054777076485951
2011-04-14,-0.0054777076485951,0.0
2011-04-15,0.0016054580803683,0.0001470700315337
2011-04-18,0.0001470700315337,-0.0
2011-04-19,-0.0189394773768708,-0.0
2011-04-20,-1.6384429694438672e-05,0.0
2011-04-21,0.0065566100423636,-0.0
2011-04-22,-0.0052526597147678,-0.0152632985670657
2011-04-25,-0.0152632985670657,-0.0057281354417532
2011-04-26,-0.0057281354417532,-0.0
2011-04-27,-0.006641060242157,-0.0
2011-04-28,-0.0148705266827917,0.0097878534089701
2011-04-29,0.0097878534089701,0.0
2011-05-03,0.0057659245728489,-0.0255685533948776
2011-05-04,-0.0255685533948776,-0.0
2011-05-05,-0.0009303208536323,-0.0
2011-05-06,-0.0015101802011888,0.0
2011-05-09,0.0026792499253538,0.0
2011-05-10,0.0074964238460533,-0.0025802187667784
2011-05-11,-0.0025802187667784,-0.0138253815079719
2011-05-12,-0.0138253815079719,0.0
2011-05-13,0.0085407448986861,-0.0
2011-05-16,-0.0088328575908707,0.0
2011-05-17,0.0050202179480934,0.0074938351003264
2011-05-18,0.0074938351003264,-0.0059693334254958
2011-05-19,-0.0059693334254958,0.0
2011-05-20,0.0003066679612732,-0.0
2011-05-23,-0.0315915320240031,0.0
2011-05-24,0.001072782486156,-0.0
2011-05-25,-0.0118563635264156,-0.0040002100093534
2011-05-26,-0.0040002100093534,-0.0
2011-05-27,-0.0050608031678955,-0.0029703291051757
2011-05-30,-0.0029703291051757,0.0
2011-05-31,0.0159248280423191,0.0
2011-06-01,0.0008718811176602,-0.0
2011-06-02,-0.0161335582205152,0.0
2011-06-03,0.0103677464428961,0.0059982942382152
2011-06-07,0.0059982942382152,0.0
2011-06-08,0.001461257373691,-0.0188665887580218
2011-06-09,-0.0188665887580218,0.003402228200315
2011-06-10,0.003402228200315,-0.0039109608188168
2011-06-13,-0.0039109608188168,0.0146460688705197
2011-06-14,0.0146460688705197,-0.0101684984328019
2011-06-15,-0.0101684984328019,-0.0153692781153913
2011-06-16,-0.0153692781153913,-0.0087130489741833
2011-06-17,-0.0087130489741833,-0.0
2011-06-20,-0.0059682098862544,0.0
2011-06-21,0.0118880822123651,-0.0001687822890659
2011-06-22,-0.0001687822890659,0.0168628561959057
2011-06-23,0.0168628561959057,0.0
2011-06-24,0.0236138474433405,0.0
2011-06-27,0.0029797157362418,0.0
2011-06-28,0.0017266641001076,-0.013664902979682
2011-06-29,-0.013664902979682,0.0146391753264566
2011-06-30,0.0146391753264566,0.001858027147038
2011-07-01,0.001858027147038,0.0236855868277512
2011-07-04,0.0236855868277512,0.0001665609645161
2011-07-05,0.0001665609645161,-0.0
2011-07-06,-0.0028144115292233,-0.0
2011-07-07,-0.0038641981018155,0.0
2011-07-08,0.0024190116324057,0.0
2011-07-11,0.0012939090429865,-0.0180845726238481
2011-07-12,-0.0180845726238481,0.0161411623848302
2011-07-13,0.0161411623848302,0.0030577091905441
2011-07-14,0.0030577091905441,0.0
2011-07-15,0.0042185737279527,-0.0020099786218048
2011-07-18,-0.0020099786218048,-0.0
2011-07-19,-0.0087987574457182,-0.0
2011-07-20,-0.001149549695085,-0.0
2011-07-21,-0.0104891791120813,0.0
2011-07-22,0.0028916633078784,-0.0324955956433945
2011-07-25,-0.0324955956433945,0.0
2011-07-26,0.0031927484149959,0.0
2011-07-27,0.0074841340790377,-0.0
2011-07-28,-0.0063498899352411,-0.0
2011-07-29,-0.0029932888337544,0.0
2011-08-01,0.0018983344655373,-0.0
2011-08-02,-0.0071658829017225,-0.0005117740157482
2011-08-03,-0.0005117740157482,0.0
2011-08-04,0.0018406901149628,-0.0212450794832567
2011-08-05,-0.0212450794832567,-0.0
2011-08-08,-0.0357283746178061,0.0
2011-08-09,0.0015365634452523,0.0092667045482972
2011-08-10,0.0092667045482972,0.0
2011-08-11,0.0151565797487359,0.0
2011-08-12,0.0029442705840823,0.0
2011-08-15,0.014786992260113,-0.0
2011-08-16,-0.0069577841195139,-0.0
2011-08-17,-0.0039922956424687,-0.0
2011-08-18,-0.0179344306487877,-0.0
2011-08-19,-0.0093816573955614,-0.0
2011-08-22,-0.0106412305745988,0.0
2011-08-23,0.0155577083484084,-0.0
2011-08-24,-0.0038947140431967,0.0
2011-08-25,0.0333880661177729,-0.0
2011-08-26,-0.0009025988717686,-0.0166850727419122
2011-08-29,-0.0166850727419122,-0.0
2011-08-30,-0.0038800354317447,0.0
2011-08-31,0.0017721536804915,-0.0
2011-09-01,-0.0042999519456395,-0.0
2011-09-02,-0.0108239975869058,-0.0
2011-09-05,-0.0214123131946241,-0.0074764461332516
2011-09-06,-0.0074764461332516,0.0
2011-09-07,0.0204850506902831,-0.0082706929246624
2011-09-08,-0.0082706929246624,-0.0
2011-09-09,-0.0018177827042149,-0.0111999040382102
2011-09-13,-0.0111999040382102,0.0
2011-09-14,0.004714583004783,-0.0
2011-09-15,-0.0014843906644012,0.0
2011-09-16,0.00180868734223,-0.0
2011-09-19,-0.0200136284481236,0.0
2011-09-20,0.0039469706300596,0.0301749729073608
2011-09-21,0.0301749729073608,-0.0307912888111955
2011-09-22,-0.0307912888111955,-0.0060356973706551
2011-09-23,-0.0060356973706551,-0.0
2011-09-26,-0.0219364984465128,0.0
2011-09-27,0.0103258661030847,-0.0103450537344585
2011-09-28,-0.0103450537344585,-0.0
2011-09-29,-0.0085823511160313,-0.0
2011-09-30,-0.0026404603998554,-0.0
2011-10-10,-0.0094016660268209,-0.0019897680246467
2011-10-11,-0.0019897680246467,0.0363496152420419
2011-10-12,0.0363496152420419,0.0
2011-10-13,0.0067465529927503,-0.0
2011-10-14,-0.0033121748245418,0.0
2011-10-17,0.0049623518435198,-0.0
2011-10-18,-0.0280252618064599,-0.0
2011-10-19,-0.0035213210045948,-0.0
2011-10-20,-0.024214881376155,-0.0
2011-10-21,-0.0050207654574511,0.0
2011-10-24,0.0274303723826965,0.0
2011-10-25,0.018922104468987,0.0099896207280725
2011-10-26,0.0099896207280725,0.0
2011-10-27,0.0021971208891664,0.0
2011-10-28,0.0193939517091015,-0.0
2011-10-31,-0.00506087632525,0.0
2011-11-01,0.0008262509613933,0.0
2011-11-02,0.0166285207155868,0.0
2011-11-03,0.0006968374301248,0.0
2011-11-04,0.007085593016218,-0.009949539501821
2011-11-07,-0.009949539501821,-0.0
2011-11-08,-0.0031203311980493,0.0
2011-11-09,0.0087780592511667,-0.0
2011-11-10,-0.0189217103603868,-0.0016987777394181
2011-11-11,-0.0016987777394181,0.0
2011-11-14,0.0204797621671524,-0.0020053123505788
2011-11-15,-0.0020053123505788,-0.0271667371059649
2011-11-16,-0.0271667371059649,-0.0
2011-11-17,-0.0030332015537902,-0.0208571169906127
2011-11-18,-0.0208571169906127,0.0
2011-11-21,0.0012246330800557,-0.0
2011-11-22,-8.123579571036262e-05,-0.0
2011-11-23,-0.0097582847124421,0.0
2011-11-24,0.0018978247383621,-0.0073165785666968
2011-11-25,-0.0073165785666968,0.0013027374217549
2011-11-28,0.0013027374217549,0.0
2011-11-29,0.0136974749749448,-0.0
2011-11-30,-0.0333704034664216,0.0
2011-12-01,0.024625226054126,-0.0
2011-12-02,-0.0101803172533965,-0.0
2011-12-05,-0.014048350005142,-0.0
2011-12-06,-0.0020004878271268,0.004723922552627
2011-12-07,0.004723922552627,-0.0
2011-12-08,-0.0012763880472804,-0.0
2011-12-09,-0.0085306896908161,-0.0
2011-12-12,-0.0102933498864171,-0.0
2011-12-13,-0.0225064293705594,-0.0
2011-12-14,-0.0100944371591557,-0.0
2011-12-15,-0.0236464954869279,0.0
2011-12-16,0.0210787991052585,-0.0
2011-12-19,-0.0023935946553512,-0.0
2011-12-20,-0.003076235275171,-0.0
2011-12-21,-0.0159713227149522,0.0009520723284259
2011-12-22,0.0009520723284259,0.0
2011-12-23,0.0076127508451375,-0.0
2011-12-26,-0.0099429500088802,-0.0
2011-12-27,-0.0131296715077524,0.0
2011-12-28,0.0012550785562909,0.0014874814118984
2011-12-29,0.0014874814118984,0.0
2011-12-30,0.0148747858945445,-0.0
2012-01-04,-0.0200316147300086,-0.0
2012-01-05,-0.0097304930107758,0.0
2012-01-06,0.0062449893141976,0.0
2012-01-09,0.0340386649617284,0.0
2012-01-10,0.0332601527503936,-0.0
2012-01-11,-0.0047974359194377,-0.0
2012-01-12,-0.0001597137141937,-0.0
2012-01-13,-0.016789044435018,-0.0
2012-01-16,-0.0203334204835248,0.0
2012-01-17,0.0490064796565898,-0.0156108202833373
2012-01-18,-0.0156108202833373,0.0
2012-01-19,0.0190575549637126,
