trade_dt,510050,510500,510300,159915,510180,159901,159902
2014-03-31,0.5070422385479311,0.22971463529344266,0.0026272232383081056,0.25988764727460945,0.0003981541252018348,0.00026917428007781566,6.0927240429175986e-05
2014-06-30,0.7689527026178488,0.22535134247229008,0.001036920853424351,0.0012553287935726449,0.0005284372751969891,0.002164289152129632,0.0007109788355375551
2014-09-30,0.003923636285553035,0.00021727879262256914,0.0018095763268762702,0.0016835024516601588,0.008824235347197229,0.9815470903339162,0.001994680462174613
2014-12-31,0.002369897260850086,0.006625800158875397,0.526406965768598,0.00010023131388444877,0.0054645109255758795,0.00412392085806041,0.45490867371415566
2015-03-31,0.22386194377688906,0.0007961818530866482,0.0014431405701030805,0.00023853845814498207,0.08409495795774363,0.001031581488214909,0.6885336558958177
2015-06-30,0.002510600846151452,0.01367445295489202,0.9572221913344235,0.005163247331974633,0.0037361393564082786,0.015616393672746002,0.0020769745034040776
2015-09-30,0.1867744577435273,0.0005460705004103748,0.40689673488913436,0.00010554804070088946,0.00023586337024888678,0.40457212382567165,0.0008692016303063544
2015-12-31,0.3176330364065707,0.02211169280638956,0.00896519766280104,0.0005639773006722834,0.0035288191854926875,0.0012176771735103744,0.6459795994645633
2016-03-31,0.8128997602040954,0.0007293782214742724,0.006141899508862294,0.0015588140068967817,0.0027934081606710084,0.17339357599533717,0.0024831639026630927
2016-06-30,0.9563134162099245,0.0019099971621248228,0.005171743414729675,0.016499696561356615,0.008640000510963667,0.003145807146683339,0.008319338994217463
2016-09-30,0.9782740507453038,0.0013339234549608013,0.0020850331909765146,4.80463534479595e-05,0.0049709118960709715,0.008514044015661793,0.0047739903435782315
2016-12-31,0.2518492242735259,0.7370170986106226,0.0026614656807271947,0.0005075992754496152,0.003822241614493115,0.00029413409317536005,0.003848236452006201
2017-03-31,0.02973514468360022,0.34037828836350265,0.002878838486090068,0.0011833460870298938,0.6242411918713847,0.0015694281990167242,1.3762309375719253e-05
2017-06-30,0.8881972160755917,0.00045912042295751096,0.0003653924288798256,0.001514941823064813,0.00010820712015785257,0.004483976136731143,0.10487114599261724
2017-09-30,0.8589827910602942,0.00024300304682273708,0.00923334287129672,0.1268758789921494,0.0003977163079728835,0.001693886439360702,0.002573381282103224
2017-12-31,0.0010824256145388535,0.4319915574211439,0.0012167521726726945,0.00829303816199933,0.5564365877292239,0.00013537002483458223,0.000844268875586732
2018-03-31,0.7486210319639777,0.0024090130240308934,0.0025980820848917575,0.1900901141581415,0.00615784556414416,0.0009015140778899299,0.04922239912692414
2018-06-30,0.0001064369299563551,0.003890042330144972,0.0056613723765481915,0.6777359304525302,0.3045441882892549,0.0020648230351272066,0.005997206586438127
2018-09-30,0.4838560121803177,0.0002669329232376565,0.007322470595678168,0.0006366383993864693,0.5071288791122903,0.0002078092710596334,0.00058125751803002
2018-12-31,0.35698642429183264,0.007862048099590985,0.0005196271304555985,0.0052384303026236445,0.6263240344761908,0.0025522827417799577,0.000517152957526342
2019-03-31,0.0030953144786319557,0.0033383265773506113,0.004334862133002657,0.0828566049930168,0.9039558096215433,0.0022918448932212057,0.0001272373032335463
2019-06-30,0.8893033325569466,0.00026044917230895096,0.0062204002953684554,0.00047158982731647847,0.1034886852267608,0.0002496561164802107,5.8868048186004435e-06
2019-09-30,0.9734986163791529,0.001022797332619,0.010696334065156016,0.0002056427134492922,0.012206487188626778,0.0015803543961286969,0.0007897679248673347
